title,category,identifyingCode,archived
Zoom H6 Handy Recorder,Audio,AUD-ZOO-003,
Blackmagic Pocket Cinema Camera 6K,Cameras,CAM-BMD-003,
Godox SL-60W LED Video Light,Lighting,LGT-GDX-002,
BenQ TH585 Projector,Projectors,PRJ-BEN-002,
Makita 18V Cordless Impact Driver,Tools,TLS-MAK-002,
DJI Mic 2 Wireless Microphone,Audio,AUD-DJI-003,
Manfrotto Befree Advanced Tripod,Accessories,ACC-MAN-002,
Nikon Z6 II Mirrorless Camera,Cameras,CAM-NIK-004,
Replacement Camera Body,Cameras,CAM-SONY-001,
,Audio,AUD-TEST-001,
Test Studio Headphones,Audio,,
Archived Test Projector,Projectors,PRJ-TST-003,True
